{
  "year": 2026,
  "monthsIncluded": [
    "January 2026",
    "February 2026",
    "March 2026",
    "April 2026",
    "May 2026",
    "June 2026"
  ],
  "channels": [
    {
      "channel": "Amazon-CA",
      "salesManager": "Rashid",
      "forecastedUnits": 35137,
      "actualUnits": 31735,
      "varianceUnits": -3402,
      "variancePct": -0.09682101488459459,
      "aggregateAccuracy": 0.903178985115405,
      "constrainedAccuracy": 0.922314578,
      "finalAccuracy": 0.922314578,
      "rank": 1,
      "finalRank": 1,
      "adjForecastedUnits": 34408,
      "penaltyUnits": 0,
      "penaltyPct": 0,
      "rewardUnits": 0,
      "rewardPct": 0,
      "constrainedSKUs": 48,
      "reliefGranted": 20,
      "reliefDenied": 0,
      "zeroAllocKept": 0,
      "monthBreakdown": {
        "jan_2026": 0.969406641262929,
        "feb_2026": 0.948987854251012,
        "mar_2026": 0.548527808069793,
        "apr_2026": 0.903561643835616,
        "may_2026": 0.942461964,
        "jun_2026": 0.9224382783
      },
      "monthBreakdownFinal": {
        "jan_2026": 0.9694066413,
        "feb_2026": 0.9299258038,
        "mar_2026": 0.5807643459,
        "apr_2026": 0.901756311745335,
        "may_2026": 0.9108262108,
        "jun_2026": 0.926690079
      },
      "skusUnderForecasted": 80,
      "skusOverForecasted": 230,
      "skusNotForecasted": 23,
      "totalActiveSKUs": 359,
      "skusWithin20": 26,
      "skuAccuracyRate": 0.07242339832869081,
      "wmape": 0.8857553130384836
    },
    {
      "channel": "Retail",
      "salesManager": "Paul / Kevin",
      "forecastedUnits": 37144.25,
      "actualUnits": 41892,
      "varianceUnits": 4747.75,
      "variancePct": 0.12781924523984198,
      "aggregateAccuracy": 0.872180754760158,
      "constrainedAccuracy": 0.864600061,
      "finalAccuracy": 0.8242978622,
      "rank": 2,
      "finalRank": 2,
      "adjForecastedUnits": 36896.25,
      "penaltyUnits": 1488,
      "penaltyPct": 0.0403293018,
      "rewardUnits": 1,
      "rewardPct": 2.7103e-05,
      "constrainedSKUs": 39,
      "reliefGranted": 4,
      "reliefDenied": 21,
      "zeroAllocKept": 0,
      "monthBreakdown": {
        "jan_2026": 0.575569663991119,
        "feb_2026": 0,
        "mar_2026": 0.925964754906079,
        "apr_2026": 0.946440342781806,
        "may_2026": 0.5696272204,
        "jun_2026": 0.4966267383
      },
      "monthBreakdownFinal": {
        "jan_2026": 0.5737938171,
        "feb_2026": 0,
        "mar_2026": 0.9250164799,
        "apr_2026": 0.764220939818632,
        "may_2026": 0.5858214829,
        "jun_2026": 0.4791724138
      },
      "skusUnderForecasted": 114,
      "skusOverForecasted": 269,
      "skusNotForecasted": 10,
      "totalActiveSKUs": 398,
      "skusWithin20": 5,
      "skuAccuracyRate": 0.01256281407035176,
      "wmape": 0.9070642640727157
    },
    {
      "channel": "Shopify",
      "salesManager": "Hector / Hillary",
      "forecastedUnits": 164398.526910647,
      "actualUnits": 118266,
      "varianceUnits": -46132.52691064699,
      "variancePct": -0.280613991971599,
      "aggregateAccuracy": 0.719386008028401,
      "constrainedAccuracy": 0.8010456446,
      "finalAccuracy": 0.8011811097,
      "rank": 3,
      "finalRank": 3,
      "adjForecastedUnits": 147639.526910647,
      "penaltyUnits": 367,
      "penaltyPct": 0.0024857842,
      "rewardUnits": 387,
      "rewardPct": 0.0026212493,
      "constrainedSKUs": 152,
      "reliefGranted": 66,
      "reliefDenied": 16,
      "zeroAllocKept": 0,
      "monthBreakdown": {
        "jan_2026": 0.894855284743235,
        "feb_2026": 0.501710358324401,
        "mar_2026": 0.481009166199011,
        "apr_2026": 0.984565393988627,
        "may_2026": 0.935352876,
        "jun_2026": 0.720747615
      },
      "monthBreakdownFinal": {
        "jan_2026": 0.9380061994,
        "feb_2026": 0.5234060376,
        "mar_2026": 0.6093118795,
        "apr_2026": 0.988774831991729,
        "may_2026": 0.9247628897,
        "jun_2026": 0.9001259088
      },
      "skusUnderForecasted": 255,
      "skusOverForecasted": 507,
      "skusNotForecasted": 52,
      "totalActiveSKUs": 862,
      "skusWithin20": 63,
      "skuAccuracyRate": 0.07308584686774942,
      "wmape": 1.4351347276369355
    },
    {
      "channel": "Amazon-US",
      "salesManager": "Guillaume",
      "forecastedUnits": 380111.59974422,
      "actualUnits": 266753,
      "varianceUnits": -113358.59974421997,
      "variancePct": -0.298224520957792,
      "aggregateAccuracy": 0.701775479042208,
      "constrainedAccuracy": 0.7250898101,
      "finalAccuracy": 0.7216376875,
      "rank": 4,
      "finalRank": 4,
      "adjForecastedUnits": 367889.59974422,
      "penaltyUnits": 1982,
      "penaltyPct": 0.0053874858,
      "rewardUnits": 712,
      "rewardPct": 0.0019353632,
      "constrainedSKUs": 165,
      "reliefGranted": 56,
      "reliefDenied": 30,
      "zeroAllocKept": 0,
      "monthBreakdown": {
        "jan_2026": 0.593675032208181,
        "feb_2026": 0.524560269199364,
        "mar_2026": 0.430727278633143,
        "apr_2026": 0.818322908338428,
        "may_2026": 0.9300766192,
        "jun_2026": 0.4191089716
      },
      "monthBreakdownFinal": {
        "jan_2026": 0.603719636,
        "feb_2026": 0.5681468937,
        "mar_2026": 0.4435477075,
        "apr_2026": 0.786099060876198,
        "may_2026": 0.9835835747,
        "jun_2026": 0.4133054453
      },
      "skusUnderForecasted": 326,
      "skusOverForecasted": 665,
      "skusNotForecasted": 143,
      "totalActiveSKUs": 1182,
      "skusWithin20": 51,
      "skuAccuracyRate": 0.04314720812182741,
      "wmape": 1.0586495389071886
    },
    {
      "channel": "Omni Channels",
      "salesManager": "Nisan",
      "forecastedUnits": 36545.75,
      "actualUnits": 24919,
      "varianceUnits": -11626.75,
      "variancePct": -0.31814232845132473,
      "aggregateAccuracy": 0.681857671548675,
      "constrainedAccuracy": 0.6946692035,
      "finalAccuracy": 0.6779987037,
      "rank": 5,
      "finalRank": 5,
      "adjForecastedUnits": 35871.75,
      "penaltyUnits": 724,
      "penaltyPct": 0.0201830131,
      "rewardUnits": 126,
      "rewardPct": 0.0035125133,
      "constrainedSKUs": 102,
      "reliefGranted": 22,
      "reliefDenied": 20,
      "zeroAllocKept": 0,
      "monthBreakdown": {
        "jan_2026": 0.787083616587356,
        "feb_2026": 0.695436118739375,
        "mar_2026": 0.982256297918949,
        "apr_2026": 0.460246360582307,
        "may_2026": 0.6930925731,
        "jun_2026": 0.5590469613
      },
      "monthBreakdownFinal": {
        "jan_2026": 0.739869099,
        "feb_2026": 0.6838100236,
        "mar_2026": 0.992915652,
        "apr_2026": 0.464143990929705,
        "may_2026": 0.7503178746,
        "jun_2026": 0.5612847222
      },
      "skusUnderForecasted": 287,
      "skusOverForecasted": 534,
      "skusNotForecasted": 78,
      "totalActiveSKUs": 917,
      "skusWithin20": 18,
      "skuAccuracyRate": 0.019629225736095966,
      "wmape": 1.4017203383806072
    },
    {
      "channel": "TikTok",
      "salesManager": "Steve / Gerardo",
      "forecastedUnits": 44077.5,
      "actualUnits": 23042,
      "varianceUnits": -21035.5,
      "variancePct": -0.47723895411491124,
      "aggregateAccuracy": 0.522761045885089,
      "constrainedAccuracy": 0.525838953,
      "finalAccuracy": 0.5242871324,
      "rank": 6,
      "finalRank": 6,
      "adjForecastedUnits": 43819.5,
      "penaltyUnits": 141,
      "penaltyPct": 0.0032177455,
      "rewardUnits": 73,
      "rewardPct": 0.001665925,
      "constrainedSKUs": 34,
      "reliefGranted": 16,
      "reliefDenied": 1,
      "zeroAllocKept": 0,
      "monthBreakdown": {
        "jan_2026": 0.43824841512092,
        "feb_2026": 0.524252923343439,
        "mar_2026": 0.597276176418029,
        "apr_2026": 0.945328542094456,
        "may_2026": 0.4174434628,
        "jun_2026": 0.4032028929
      },