{
  "year": 2026,
  "monthsIncluded": [
    "January 2026",
    "February 2026",
    "March 2026",
    "April 2026",
    "May 2026",
    "June 2026"
  ],
  "channels": [
    {
      "channel": "Amazon-CA",
      "salesManager": "Rashid",
      "forecastedUnits": 35137,
      "actualUnits": 31655,
      "varianceUnits": -3482,
      "variancePct": -0.09909781711586077,
      "aggregateAccuracy": 0.900902182884139,
      "constrainedAccuracy": 0.9199895373,
      "finalAccuracy": 0.9199895373,
      "rank": 1,
      "finalRank": 1,
      "adjForecastedUnits": 34408,
      "penaltyUnits": 0,
      "penaltyPct": 0,
      "rewardUnits": 0,
      "rewardPct": 0,
      "constrainedSKUs": 48,
      "reliefGranted": 20,
      "reliefDenied": 0,
      "zeroAllocKept": 0,
      "monthBreakdown": {
        "jan_2026": 0.969406641262929,
        "feb_2026": 0.948987854251012,
        "mar_2026": 0.548527808069793,
        "apr_2026": 0.903561643835616,
        "may_2026": 0.9645919779,
        "jun_2026": 0.9224382783
      },
      "monthBreakdownFinal": {
        "jan_2026": 0.9694066413,
        "feb_2026": 0.9299258038,
        "mar_2026": 0.5807643459,
        "apr_2026": 0.901756311745335,
        "may_2026": 0.9336182336,
        "jun_2026": 0.926690079
      },
      "skusUnderForecasted": 80,
      "skusOverForecasted": 269,
      "skusNotForecasted": 4,
      "totalActiveSKUs": 353,
      "skusWithin20": 26,
      "skuAccuracyRate": 0.07365439093484419,
      "wmape": 0.8388931008339652
    },
    {
      "channel": "Retail",
      "salesManager": "Paul / Kevin",
      "forecastedUnits": 37144.25,
      "actualUnits": 41520,
      "varianceUnits": 4375.75,
      "variancePct": 0.11780423618729682,
      "aggregateAccuracy": 0.882195763812703,
      "constrainedAccuracy": 0.8746823864,
      "finalAccuracy": 0.8343801877,
      "rank": 2,
      "finalRank": 2,
      "adjForecastedUnits": 36896.25,
      "penaltyUnits": 1488,
      "penaltyPct": 0.0403293018,
      "rewardUnits": 1,
      "rewardPct": 0.000027103,
      "constrainedSKUs": 39,
      "reliefGranted": 4,
      "reliefDenied": 21,
      "zeroAllocKept": 0,
      "monthBreakdown": {
        "jan_2026": 0.575569663991119,
        "feb_2026": 0,
        "mar_2026": 0.925964754906079,
        "apr_2026": 0.946440342781806,
        "may_2026": 0.4951713785,
        "jun_2026": 0.4966267383
      },
      "monthBreakdownFinal": {
        "jan_2026": 0.5737938171,
        "feb_2026": 0,
        "mar_2026": 0.9250164799,
        "apr_2026": 0.764220939818632,
        "may_2026": 0.5077399381,
        "jun_2026": 0.4791724138
      },
      "skusUnderForecasted": 114,
      "skusOverForecasted": 277,
      "skusNotForecasted": 1,
      "totalActiveSKUs": 392,
      "skusWithin20": 6,
      "skuAccuracyRate": 0.015306122448979591,
      "wmape": 0.9028329782836794
    },
    {
      "channel": "Shopify",
      "salesManager": "Hector / Hillary",
      "forecastedUnits": 164398.526910647,
      "actualUnits": 117476,
      "varianceUnits": -46922.52691064699,
      "variancePct": -0.28541938782790965,
      "aggregateAccuracy": 0.71458061217209,
      "constrainedAccuracy": 0.795694774,
      "finalAccuracy": 0.7958302391,
      "rank": 3,
      "finalRank": 3,
      "adjForecastedUnits": 147639.526910647,
      "penaltyUnits": 367,
      "penaltyPct": 0.0024857842,
      "rewardUnits": 387,
      "rewardPct": 0.0026212493,
      "constrainedSKUs": 152,
      "reliefGranted": 66,
      "reliefDenied": 16,
      "zeroAllocKept": 0,
      "monthBreakdown": {
        "jan_2026": 0.894855284743235,
        "feb_2026": 0.501710358324401,
        "mar_2026": 0.481009166199011,
        "apr_2026": 0.984565393988627,
        "may_2026": 0.9761617663,
        "jun_2026": 0.720747615
      },
      "monthBreakdownFinal": {
        "jan_2026": 0.9380061994,
        "feb_2026": 0.5234060376,
        "mar_2026": 0.6093118795,
        "apr_2026": 0.988774831991729,
        "may_2026": 0.9658540912,
        "jun_2026": 0.9001259088
      },
      "skusUnderForecasted": 255,
      "skusOverForecasted": 575,
      "skusNotForecasted": 12,
      "totalActiveSKUs": 842,
      "skusWithin20": 67,
      "skuAccuracyRate": 0.07957244655581948,
      "wmape": 1.1943144824150997
    },
    {
      "channel": "Amazon-US",
      "salesManager": "Guillaume",
      "forecastedUnits": 380111.59974422,
      "actualUnits": 265626,
      "varianceUnits": -114485.59974421997,
      "variancePct": -0.30118943968365663,
      "aggregateAccuracy": 0.698810560316343,
      "constrainedAccuracy": 0.722026391,
      "finalAccuracy": 0.7185742684,
      "rank": 4,
      "finalRank": 4,
      "adjForecastedUnits": 367889.59974422,
      "penaltyUnits": 1982,
      "penaltyPct": 0.0053874858,
      "rewardUnits": 712,
      "rewardPct": 0.0019353632,
      "constrainedSKUs": 165,
      "reliefGranted": 56,
      "reliefDenied": 30,
      "zeroAllocKept": 0,
      "monthBreakdown": {
        "jan_2026": 0.593675032208181,
        "feb_2026": 0.524560269199364,
        "mar_2026": 0.430727278633143,
        "apr_2026": 0.818322908338428,
        "may_2026": 0.8994803861,
        "jun_2026": 0.4191089716
      },
      "monthBreakdownFinal": {
        "jan_2026": 0.603719636,
        "feb_2026": 0.5681468937,
        "mar_2026": 0.4435477075,
        "apr_2026": 0.786099060876198,
        "may_2026": 0.9513288336,
        "jun_2026": 0.4133054453
      },
      "skusUnderForecasted": 326,
      "skusOverForecasted": 757,
      "skusNotForecasted": 62,
      "totalActiveSKUs": 1145,
      "skusWithin20": 51,
      "skuAccuracyRate": 0.0445414847161572,
      "wmape": 0.9836764747529099
    },
    {
      "channel": "Omni Channels",
      "salesManager": "Nisan",
      "forecastedUnits": 36545.75,
      "actualUnits": 24810,
      "varianceUnits": -11735.75,
      "variancePct": -0.32112489140324113,
      "aggregateAccuracy": 0.678875108596759,
      "constrainedAccuracy": 0.6916306007,
      "finalAccuracy": 0.6749601009,
      "rank": 5,
      "finalRank": 5,
      "adjForecastedUnits": 35871.75,
      "penaltyUnits": 724,
      "penaltyPct": 0.0201830131,
      "rewardUnits": 126,
      "rewardPct": 0.0035125133,
      "constrainedSKUs": 102,
      "reliefGranted": 22,
      "reliefDenied": 20,
      "zeroAllocKept": 0,
      "monthBreakdown": {
        "jan_2026": 0.787083616587356,
        "feb_2026": 0.695436118739375,
        "mar_2026": 0.982256297918949,
        "apr_2026": 0.460246360582307,
        "may_2026": 0.6661307278,
        "jun_2026": 0.5590469613
      },
      "monthBreakdownFinal": {
        "jan_2026": 0.739869099,
        "feb_2026": 0.6838100236,
        "mar_2026": 0.992915652,
        "apr_2026": 0.464143990929705,
        "may_2026": 0.7211403333,
        "jun_2026": 0.5612847222
      },
      "skusUnderForecasted": 287,
      "skusOverForecasted": 579,
      "skusNotForecasted": 37,
      "totalActiveSKUs": 903,
      "skusWithin20": 18,
      "skuAccuracyRate": 0.019933554817275746,
      "wmape": 1.3673342110733837
    },
    {
      "channel": "TikTok",
      "salesManager": "Steve / Gerardo",
      "forecastedUnits": 44077.5,
      "actualUnits": 23034,
      "varianceUnits": -21043.5,
      "variancePct": -0.4774204526118768,
      "aggregateAccuracy": 0.522579547388123,
      "constrainedAccuracy": 0.5256563859,
      "finalAccuracy": 0.5241045653,
      "rank": 6,
      "finalRank": 6,
      "adjForecastedUnits": 43819.5,
      "penaltyUnits": 141,
      "penaltyPct": 0.0032177455,
      "rewardUnits": 73,
      "rewardPct": 0.001665925,
      "constrainedSKUs": 34,
      "reliefGranted": 16,
      "reliefDenied": 1,
      "zeroAllocKept": 0,
      "monthBreakdown": {
        "jan_2026": 0.43824841512092,
        "feb_2026": 0.524252923343439,
        "mar_2026": 0.597276176418029,
        "apr_2026": 0.945328542094456,
        "may_2026": 0.416146551,
        "jun_2026": 0.4032028929
      },